Age,Current CGPA,Current Semester
24,3.15,12
22,3.15,4
21,3.15,5
20,3.15,4
22,3.15,4
20,3.15,4
22,3.15,4
22,3.64,4
20,3.15,4
22,3.15,4
22,3.15,4
22,3.53,4
22,3.15,4
21,3.15,4
21,3.15,4
20,3.89,4
22,3.15,4
21,3.15,4
21,3.5,4
19,3.15,4
21,3.65,4
21,3.15,4
22,3.15,4
21,3.15,4
21,3.81,4
20,3.82,4
20,3.15,4
19,3.48,4
21,3.32,4
25,3.15,4
20,3.15,2
20,3.15,2
21,3.15,2
23,3.15,4
20,3.15,2
20,3.15,2
21,3.15,2
24,3.15,11
20,3.15,2
22,3.15,2
20,3.15,2
21,3.15,2
21,3.15,2
19,3.15,2
19,3.15,2
19,3.15,2
20,3.15,2
19,3.15,2
20,3.88,4
20,3.15,2
21,3.15,2
21,4,2
21,3.15,2
20,3.9,2
20,3.15,2
22,3.15,2
20,3.15,2
20,3.15,2
20,3.15,2
20,3.15,2
20,3.15,2
21,3.15,4
23,3.15,11
21,3.8,8
21,3.15,8
24,3.52,12
22,3.15,8
21,3.15,2
20,3.15,2
21,3.15,8
21,3.15,2
23,3.15,8
20,3.15,2
21,3.15,8
24,3.15,12
22,3.15,8
21,3.15,8
20,3.15,2
20,3.15,2
20,3.67,8
21,2.74,8
21,3.15,8
21,3.5,8
22,2.8,8
22,3.15,8
23,3.15,8
23,3.15,8
21,3.15,2
22,3.15,8
21,3.15,8
20,3.15,8
21,3.15,2
23,3.1,11
20,3.15,2
24,3.15,10
21,3.15,2
20,3.15,4
22,3.15,4
20,3.15,5
23,3.15,11
21,3.15,8
20,3.15,2
22,3.15,8
23,3.15,13
20,3.15,2
19,3.58,4
21,3.82,4
21,3.15,8
22,3.15,10
19,3.15,2
22,3.15,4
22,3.15,4
21,2.69,9
19,3.77,4
19,3.15,2
21,3.15,2
25,2.53,11
22,3.15,9
24,2.66,13
22,2.6,15
22,2.91,11
23,2.99,14
20,3.15,5
23,3.15,9
26,3.15,21
22,3.15,9
23,2.92,9
21,3.15,11
22,3.15,11
23,2.96,14
21,3.15,11
20,3.15,2
21,3.15,9
22,2.9,9
23,3.08,8
25,3.15,11
22,3.15,11
20,3.15,6
25,2.68,14
21,2.42,5
20,3.15,4
27,3.15,10
22,3.15,11
20,3.15,2
22,3.15,7
21,3.15,2
23,3.15,13
23,3.15,8
25,3.15,8
20,3.15,2
21,3.15,4
26,3.15,22
23,3.23,11
22,3.15,11
23,3.15,12
24,3.15,15
21,3.15,8
22,2.22,9
19,3.15,2
21,3.24,10
23,3.15,10
21,2.76,9
23,3.15,12
22,3.3,9
23,3.15,12
20,3.15,2
25,3.15,12
20,3.15,2
23,2.4,7
23,3.15,8
22,2.75,4
22,3.15,9
23,3.15,8
21,2.31,5
20,2.51,5
22,3.15,8
22,3.15,8
22,3.15,2
21,3.15,8
21,3.15,8
19,3.15,1
20,2.81,8
20,3.5,4
24,3.92,4
22,3.25,2
22,3.1,11
19,3.73,2
26,2,22
25,3.56,11
24,3.02,15
21,3.2,14
21,3.26,2
21,3.8,2
21,3.68,9
22,3.65,11
21,3.72,11
24,2.84,18
20,2.67,2
23,3.6,9
20,3.72,2
21,3.56,10
22,3.35,8
22,2.99,11
22,3.42,11
23,1.96,2
23,3.6,10
23,2.8,14
21,3.59,9
22,3.1,8
25,2.54,15
21,3.05,4
21,2.2,4
23,3.22,11
26,3.2,10
20,3.48,2
20,0,2
20,4,1
23,3.5,9
20,0,1
21,0,2
21,3.3,1
22,3.1,12
21,3.78,11
24,2.91,12
22,3.75,8
19,3.58,2
23,3.1,11
20,2.54,2
20,3.9,2
22,3.77,9
22,3.39,10
23,3.14,9
23,3.23,11
26,3.08,17
24,3,11
20,2.61,2
19,0,1
23,2.68,12
23,2.15,7
22,3.08,8
24,3.33,12
24,2.64,11
22,3.43,11
20,0,1
19,3.72,8
20,3.83,2
22,2.98,10
19,3.37,2
21,3.15,1
19,0,1
20,0,1
20,0,1
23,2.84,14
21,3.65,3
21,3.79,3
23,2.89,11
20,3.18,3
19,3.89,3
21,2.9,5
21,3.56,3
20,3.03,4
19,3.15,3
22,3.67,5
20,0,1
21,3.7,5
21,3.1,3
21,2.8,5
22,3.92,3
22,4,2
20,0,1
23,3.4,6
21,0,1
20,3.65,3
21,3.4,2
19,0,1
20,2.95,3
25,2.89,14
20,3.2,3
21,3.05,11
23,2.72,3
19,0,1
20,2.56,7
20,0,1
21,0,1
22,3.15,1
20,2.73,3
21,2.13,3
22,3.07,11
21,3,3
21,3.15,1
20,3.6,2
21,3.7,3
20,3.92,4
20,2.68,4
21,3.18,2
24,3.4,11
20,3.38,4
21,3.15,2
23,2.95,14
19,3.21,3
22,3.18,5
21,3.7,2
21,4,2
19,3.45,3
19,3.74,3
22,3.22,3
21,3.36,3
25,3.72,19
20,3.01,3
20,3.93,1
20,3.55,3
24,2.44,9
22,3.15,6
22,3.4,4
26,3.27,12
21,3.19,3
20,3.37,3
19,3.15,3
20,0,1
21,3.7,3
22,2.69,9
21,3.15,2
24,3.38,8
20,3.1,3
19,2.88,3
21,3.8,2
22,2.43,3
21,2.91,7
20,2.66,3
21,0,1
21,3.15,3
22,3.37,3
21,3.15,3
20,2.31,3
21,3.65,2
22,3.02,3
22,3.44,7
22,3.09,9
20,0,1
20,3.45,2
21,3.03,3
21,3.95,3
21,3.84,3
20,2.84,3
20,3.08,4
21,0,1
21,3.94,8
21,3.53,3
20,3.63,1
20,3.86,3
21,2.8,4
18,3.68,2
21,3.83,2
22,3.74,8
20,3.38,3
22,3.15,6
19,3.8,2
20,3.5,3
21,3,3
20,3.42,2
23,3.93,7
23,3.26,12
21,0.5,2
20,3.5,1
20,2.52,2
21,3.71,3
22,3.35,11
21,3.99,6
20,3.61,3
21,2.94,3
22,3.18,11
21,3.39,2
23,3.55,11
24,2.97,5
20,2.2,3
20,3.67,2
19,3.78,2
20,2.61,7
21,3.39,3
20,3.91,3
22,2.55,2
22,3.89,3
20,4,1
23,3.62,11
21,3.91,8
20,0,1
20,3.15,1
21,3.2,3
22,3.97,6
22,2.1,2
21,2.25,8
22,3.39,3
21,3.72,3
20,3.1,2
20,2.01,3
20,3.21,2
19,0,1
19,3.38,12
19,3.15,1
21,3.9,2
20,3.95,2
20,3.03,2
23,2.56,14
20,0,1
19,3.295,3
20,3.6,2
20,3.53,2
20,3.69,8
19,2.4,2
21,3.77,5
20,3.84,2
21,3.29,8
19,3.43,1
21,3.7,2
22,3.2,6
20,2.98,3
20,3.53,2
19,3.41,8
20,3.9,2
20,0,1
20,3.37,9
21,0.13125,2
22,3.05,2
21,4,1
20,3.75,2
22,3.33,2
20,2.81,3
21,2.08,2
21,0,1
23,3.75,8
24,3,13
20,3.18,3
21,3.59,1
23,3.75,3
22,3.88,2
20,3,2
20,4,2
22,3.97,2
22,3.69,3
22,2.89,11
21,3.86,5
25,3.48,11
19,0,1
21,3.66,3
19,3.56,2
22,2.74,4
20,0,1
20,3.2,2
19,0,1
22,3.4,4
20,3.58,4
21,3.9,4
24,3.5,10
24,2.93,10
21,3.7,8
21,3.76,3
20,3.91,3
21,3.06,5
22,1.88,4
21,3.67,3
20,3.55,2
22,2.82,8
20,3.88,2
21,4,2
21,3.66,8
26,2.44,12
21,3,3
21,3.9,2
21,3.33,2
20,3.7,2
20,3.98,2
21,3.8,1
22,3.81,2
23,3.97,2
20,3.33,2
21,2.89,3
20,3.84,2
20,3.69,3
21,3.15,3
19,2.8,3
20,4,2
22,0,1
20,3.8,2
22,2.91,5
20,3.05,2
21,3.45,2
19,0,1
20,2.73,1
22,3.29,11
20,3.94,8
22,3.69,7
23,0,1
19,3.89,2
20,0,1
26,3.36,3
20,3.68,2
19,0,1
19,2.93,2
20,3.81,2
19,3.37,2
19,3.25,2
20,2.89,2
22,1.45,2
20,3.73,2
20,3.18,2
22,3.7,12
19,2.9,2
18,3.48,2
20,3.6,2
21,3.17,2
21,1.42,2
19,3.13,2
20,3.85,2
21,3.6,2
18,3.54,2
20,3.55,2
19,2.1,2
20,2.5,2
24,3.76,11
21,3.75,2
21,3.7,2
21,3.5,2
20,3.7,2
20,3.24,2
22,2.8,11
22,3.6,12
22,3.5,3
19,3.65,2
21,3.5,3
20,2.73,2
24,3.88,3
23,3.91,11
20,3.15,2
21,3.4,2
22,3.39,11
23,3.85,2
21,2.4,8
26,3.38,3
22,3.93,2
20,3.9,2
20,3.47,2
20,3.7,2
20,3.45,2
22,3.73,2
21,3.68,3
22,3.65,2
21,3.45,2
21,2.58,2
20,3.5,3
21,3.15,7
20,3.99,7
22,3.73,8
20,2.3,9
22,2.86,9
21,3.67,8
21,3.75,8
22,3.26,8
23,3.45,8
24,3.42,8
21,3.65,7
22,3.42,8
22,3.88,8
24,2.76,13
21,2.87,8
20,2.55,8
22,3.71,8
22,3.62,8
20,3.58,2
21,3.4,1
22,2.77,8
22,3.91,7
24,2.85,10
21,3.27,8
22,2.8,2
22,3.33,6
20,4,2
26,3.44,11
21,2.9,7
23,3.06,14
20,3.68,2
20,3.78,2
21,3.68,7
21,2.47,4
21,3.9,2
24,2.97,13
22,3.65,8
20,3.62,8
24,3.39,17
21,3.55,8
22,3.17,8
21,3.36,7
19,3.93,2
24,3.76,11
22,2.31,3
21,3.27,5
19,4,2
20,4,2
20,2.68,3
22,2.64,3
19,3.89,1
23,2.88,14
22,3.97,8
22,3.57,8
22,3.41,8
23,3.9,11
20,2.88,7
20,2.74,2
20,2.55,3
22,3.32,11
22,3.08,11
21,3.86,8
20,3.29,2
22,3.75,1
21,3.8,8
20,0,1
21,3.71,8
22,3.89,8
21,3.42,8
25,2.41,13
20,2.67,2
22,2.86,2
20,3.07,3
21,3.74,8
19,3.75,2
21,3.88,8
21,0,1
20,4,1
21,3.63,8
19,1.75,2
20,3.85,2
22,2.77,8
20,3.51,2
21,3.85,2
20,4,2
19,3.21,2
22,3.65,8
21,3.1,2
23,3.47,10
22,3.77,3
20,3.32,3
23,3.95,11
22,2.85,8
21,2.85,8
20,2.91,2
26,2.83,22
21,3.48,7
21,4,2
21,3.92,2
23,3.05,11
21,3.69,8
21,3.7,4
25,2.86,15
21,3.01,8
22,2.54,8
24,3.29,9
22,3.54,11
25,3.51,16
22,2.9,7
21,2.45,8
22,2.8,7
20,0,1
21,3.5,8
20,3.01,4
21,3.77,8
20,1.75,2
22,3.65,7
21,1.64,3
22,3.37,11
20,3.12,8
23,3.55,11
20,3.03,3
23,3.9,8
21,4,2
22,3.44,7
21,3.1,8
24,3.34,11
20,3.5,6
21,2.61,11
21,3.53,3
20,3.07,3
24,2.88,13
20,3.27,10
23,3.92,2
24,2.64,14
22,3.78,10
23,3.9,11
23,3.78,8
22,3.46,11
21,3,10
21,2.98,2
20,3.43,2
21,3.98,2
26,3.15,9
22,3.16,11
19,2.46,4
20,0,1
21,3.58,2
22,3.47,8
18,0,1
20,0,1
19,0,1
22,2.19,5
20,3.25,2
22,3.15,8
23,3.78,10
25,2.5,24
21,2.9,2
22,3.4,8
23,3.81,8
24,3.13,11
21,3.81,8
23,3.93,11
19,3.54,2
21,2.55,2
25,3.4,12
22,3.59,11
21,3.62,8
20,3.45,9
21,3.5,7
21,3.48,2
22,2.92,10
25,3.56,11
23,3.81,10
22,3.42,8
23,3.56,11
25,3.06,11
23,3.24,11
22,3.78,11
19,3.9,1
23,2.65,13
20,2.8,4
22,2.59,4
22,3.9,11
20,3.7,2
19,3.3,1
22,3.51,7
21,3.67,3
22,3.11,11
21,2.85,3
19,3.45,1
20,3.78,1
25,3.59,10
21,2.5,3
21,2.8,5
22,2.56,4
22,3.75,8
20,2.38,6
25,3.54,10
23,2.45,10
20,3.19,6
24,3.99,11
20,3.75,10
20,2.98,7
20,3.53,9
22,3.65,10
21,3.47,7
22,3.49,5
23,3.8,9
21,2.91,9
20,3.7,11
22,2.66,9
21,2.77,5
22,3.19,6
20,2.98,8
20,2.9,9
21,2.82,9
25,3.71,11
23,3.45,11
24,3.4,4
25,3.85,11
22,2.68,8
19,3.79,5
22,2.98,10
20,3.86,9
25,2.79,10
21,3.75,10
20,2.59,7
22,2.53,5
21,3.24,5
21,3.62,6
21,3.1,11
23,3.31,7
20,2.68,11
20,3.22,7
20,2.16,7
21,3.78,9
20,3.7,10
24,3.51,11
24,2.68,11
25,3.61,10
20,3.61,11
20,3.39,6
20,2.64,8
20,3.21,7
21,3.41,5
20,3.84,5
21,3.98,11
22,3.43,10
22,3.39,10
25,3.57,11
22,3.38,9
20,2.91,8
22,2.95,9
21,3.91,8
23,3.1,10
20,2.9,8
20,2.8,6
20,2.63,9
24,3.39,6
21,3.74,6
19,2.87,3
20,3.88,9
20,2.63,6
21,3.21,10
20,3.68,11
24,3.5,10
20,2.66,9
20,3.8,9
22,3.93,9
20,2.66,5
25,3.98,6
23,2.85,8
21,3.93,10
22,3.84,9
22,3.19,6
21,3.15,7
25,3.9,11
20,3.78,7
20,2.99,7
21,3.76,10
22,3.59,11
20,2.67,11
21,2.57,8
20,3.61,10
20,3.7,8
20,2.67,10
21,2.87,10
21,3.37,6
20,3.28,3
20,2.64,10
24,3.43,10
21,3.87,8
21,3.89,11
20,3.54,9
20,3.72,8
21,3.23,9
21,3.56,8
20,3.77,8
22,3.89,11
25,3.42,11
21,3.11,10
20,3.5,9
21,3.33,5
25,2.56,11
20,2.33,4
20,2.6,9
23,2.81,10
25,2.87,11
21,2.53,5
21,3.95,8
22,3.52,10
20,2.98,5
20,2.66,2
24,3.68,10
20,3.91,6
20,2.67,8
21,2.73,10
20,2.58,6
21,3.66,7
19,3.78,3
20,3.61,5
25,3.75,10
20,3.55,6
24,2.65,10
24,3.62,11
25,3.88,11
20,3.82,9
21,2.73,6
20,2.77,5
20,2.8,10
25,3.9,10
20,3.61,11
22,2.82,9
21,3.64,8
25,2.68,11
21,2.5,9
22,3.97,11
20,2.89,9
20,3.8,8
21,2.56,5
22,3.87,8
25,2.63,11
20,3.93,8
21,3.84,10
22,3.03,7
20,3.91,5
25,2.49,11
25,2.89,11
23,3.89,9
22,3.48,11
21,3.65,2
24,3.5,9
25,3.48,10
23,3.93,10
22,3.35,5
20,3.45,7
25,3.56,11
19,3.34,7
24,3.55,11
20,3.77,11
21,2.97,6
20,3.74,8
22,3.8,5
22,2.88,10
24,3.63,11
21,2.55,10
20,3.79,10
21,2.92,9
21,3.8,6
20,2.97,5
22,2.88,5
20,3.9,9
20,2.67,4
21,3.4,7
20,3.28,9
23,3.51,10
20,3.79,11
23,3.85,11
21,3.7,6
23,3.79,8
21,3.44,6
23,3.22,7
21,3.8,7
20,3.35,5
20,3.64,9
23,3,8
24,2.62,11
21,3.77,11
20,3.44,9
24,2.37,11
25,2.78,11
20,3.71,9
20,3.81,10
25,2.45,8
23,3.6,11
23,3.57,5
23,3.79,7
23,3.7,12
22,2.81,7
21,3.08,8
21,3.81,10
22,2.95,6
20,2.87,6
20,3.83,7
20,2.62,9
20,3.91,5
24,3.23,10
20,2.66,9
21,3.89,10
20,3.51,9
19,3.89,3
24,2.73,11
22,2.68,10
19,2.88,2
21,2.63,5
23,3.5,7
20,3.8,9
22,2.56,8
20,2.76,8
20,3.73,9
21,3.9,9
22,3.25,6
22,3.65,10
22,3.78,8
20,3.26,5
19,2.7,5
23,3.44,11
21,2.81,3
20,3.59,5
20,3.56,9
21,3.87,11
20,3.6,8
19,2.71,6
19,3.68,4
20,3.7,11
20,2.61,11
19,3.67,4
25,3.34,12
22,3.56,11
24,2.62,10
25,3.67,11
20,3.77,6
21,3.8,9
20,3.7,8
20,3.86,11
21,3.11,10
20,3.87,9
21,2.82,5
21,2.91,6
21,3.49,8
20,3.21,9
21,3.4,4
20,2.47,6
20,2.86,8
20,3.68,8
25,2.66,11
25,2.68,11
20,2.89,11
20,2.81,7
21,2.65,10
24,3.45,10
20,3.47,9
20,3.73,8
22,2.67,6
20,2.96,9
24,3.18,9
20,3.88,7
23,3.84,11
20,3.87,6
22,3.64,11
20,2.84,5
24,3.36,8
23,3.57,5
22,3.5,6
21,4,8
20,3.77,6
22,3.88,11
24,3.91,10
20,3.23,10
25,2.73,9
20,2.39,5
21,3.64,5
20,2.94,7
19,3.8,2
20,3.3,10
20,2.51,11
20,3.78,10
21,3.78,9
21,3.41,4
20,2.97,3
20,2.52,10
25,2.62,9
20,3.86,8
21,3.41,11
24,3.63,11
19,3.59,4
23,2.77,10
21,2.61,6
20,3.42,9
20,2.95,7
21,3.03,5
21,2.66,9
20,3.34,7
22,3,9
22,3.93,10
21,3.1,10
22,3.08,10
20,3.89,7
20,2.9,7
23,3.4,11
21,2.8,5
21,2.54,6
23,1.42,5
23,2.39,5
19,2.8,8
21,3.47,9
24,3.92,11
19,2.63,6
21,3.91,11
22,3.03,7
23,2.65,11
20,3.96,9
20,3.9,11
21,3.2,11
25,2.92,11
22,3.74,5
22,2.82,6
24,3.33,11
23,3.81,11
23,3.64,8
20,3.15,9
20,3.8,9
22,3.16,11
20,3.13,7
20,2.93,8
24,3.11,10
21,2.97,9
21,3.79,9
23,2.66,11
23,2.65,11
20,2.98,6
22,3.8,10
20,2.97,4
21,2.35,10
21,2.92,10
21,2.7,9
24,2.35,8
24,2.82,9
23,2.99,11
20,3.63,9
22,3.97,3
21,3.81,10
19,2.9,6
23,3.68,5
24,3.45,11
20,2.53,9
20,2.82,5
20,3.79,5
25,3.6,11
21,3.78,11
20,3.19,5
21,2.88,4
22,3.56,6
21,3.93,8
21,3.78,6
22,2.65,7
20,3.56,10
20,2.64,6
20,2.84,5
20,3.13,4
21,3.05,6
21,3.55,7
23,2.74,10
20,3.83,11
22,2.95,9
20,3.97,11
19,3.57,2
24,3.65,11
21,3.28,7
23,3.85,11
20,3.9,11
20,3.75,7
22,2.51,10
25,3.45,11
20,3.46,8
25,2.8,11
19,3.76,7
20,3.7,10
21,3.77,9
25,2.81,12
23,3.89,9
20,2.71,9
20,2.7,11
20,2.64,7
20,3.8,11
22,3.95,7
22,3.66,11
24,2.89,11
23,3.91,10
20,2.63,7
21,3.88,11
25,2.63,11
20,3.6,10
19,3.89,4
24,3.94,11
24,3.78,11
24,2.65,6
22,2.98,7
20,2.45,8
20,2.91,5
19,3.83,2
21,3.9,6
21,3.81,9
25,2.63,11
23,3.98,10
21,2.63,5
25,2.83,11
22,3.88,4
21,3.75,9
20,3.45,8
24,3.56,9
21,2.76,6
22,3.48,10
22,2.48,9
25,3.12,11
20,3.6,11
21,2.8,6
20,3.77,6
22,2.93,11
20,2.94,5
20,2.78,7
21,2.54,6
20,2.83,5
20,2.85,5
22,3.66,11
20,3.88,9
25,3.9,11
20,3.44,9
20,3.43,11
20,3.77,8
23,2.22,8
22,2.78,9
25,2.52,11
23,2.88,11
